juris_id,ecozone,canfi_genus,genus,a,b,k,cap,volm,count,rmse
AB,4,1,PICE,99.9999999900,-2.1793097690,0.9991010887,4.0992504800,467.95812307,19,0.029353194900000001
AB,4,2,PINU,99.9999999900,-1.6192691950,0.9710158687,1.5179203184,627.71148980999999,32,0.027183894900000002
AB,4,3,ABIE,26.2198806160,-1.7864592770,0.9987017015,1.1186997115,329.09802062,12,0.023461838700000001
AB,4,5,PSEU,99.9999999900,-1.6806799550,0.9834949561,1.0669729910,410.79147707999999,11,0.0138093964
AB,4,6,LARI,2.7877844027,-2.1088978330,1.1079402819,1.2055191841,199.53544905999999,21,0.1196904464
AB,4,9,POPU,99.9999999900,-1.4157230090,0.8733768514,1.5655812010,451.73612403999999,14,0.060245468400000002
AB,4,10,BETU,99.9999999900,-1.0158920520,0.0672921578,1.9030107349,206.73694644,4,0.099556829200000002
AB,4,12,GENH,99.9999999900,-1.0158920520,0.0672921578,1.9030107349,206.73694644,4,0.099556829200000002
AB,5,1,PICE,7.9906519739,-0.9351961920,0.9403522452,1.3740727732,658.35024884999996,33,0.0562859754
AB,5,2,PINU,99.9999999900,-1.6192691950,0.9710158687,1.5179203184,627.71148980999999,32,0.027183894900000002
AB,5,3,ABIE,26.2198806160,-1.7864592770,0.9987017015,1.1186997115,329.09802062,12,0.023461838700000001
AB,5,5,PSEU,99.9999999900,-1.6806799550,0.9834949561,1.0669729910,410.79147707999999,11,0.0138093964
AB,5,6,LARI,2.7877844027,-2.1088978330,1.1079402819,1.2055191841,199.53544905999999,21,0.1196904464
AB,5,9,POPU,26.6229836970,-1.2397995530,0.9559376414,1.7688225269,636.05529768999997,29,0.026182720699999999
AB,5,10,BETU,99.9999999900,-1.0158920520,0.0672921578,1.9030107349,206.73694644,4,0.099556829200000002
AB,5,12,GENH,99.9999999900,-1.0158920520,0.0672921578,1.9030107349,206.73694644,4,0.099556829200000002
AB,6,1,PICE,7.9906519739,-0.9351961920,0.9403522452,1.3740727732,658.35024884999996,33,0.0562859754
AB,6,2,PINU,99.9999999900,-1.6192691950,0.9710158687,1.5179203184,627.71148980999999,32,0.027183894900000002
AB,6,3,ABIE,26.2198806160,-1.7864592770,0.9987017015,1.1186997115,329.09802062,12,0.023461838700000001
AB,6,5,PSEU,99.9999999900,-1.6806799550,0.9834949561,1.0669729910,410.79147707999999,11,0.0138093964
AB,6,6,LARI,2.7877844027,-2.1088978330,1.1079402819,1.2055191841,199.53544905999999,21,0.1196904464
AB,6,9,POPU,26.6229836970,-1.2397995530,0.9559376414,1.7688225269,636.05529768999997,29,0.026182720699999999
AB,6,10,BETU,99.9999999900,-1.0158920520,0.0672921578,1.9030107349,206.73694644,4,0.099556829200000002
AB,6,12,GENH,99.9999999900,-1.0158920520,0.0672921578,1.9030107349,206.73694644,4,0.099556829200000002
AB,9,1,PICE,7.9906519739,-0.9351961920,0.9403522452,1.3740727732,658.35024884999996,33,0.0562859754
AB,9,2,PINU,99.9999999900,-1.6192691950,0.9710158687,1.5179203184,627.71148980999999,32,0.027183894900000002
AB,9,3,ABIE,26.2198806160,-1.7864592770,0.9987017015,1.1186997115,329.09802062,12,0.023461838700000001
AB,9,5,PSEU,99.9999999900,-1.6806799550,0.9834949561,1.0669729910,410.79147707999999,11,0.0138093964
AB,9,6,LARI,2.7877844027,-2.1088978330,1.1079402819,1.2055191841,199.53544905999999,21,0.1196904464
AB,9,8,GENC,225.2787117200,-1.9178354860,0.9910698494,1.5293538180,658.35024884999996,33,0.015078107300000001
AB,9,9,POPU,26.6229836970,-1.2397995530,0.9559376414,1.7688225269,636.05529768999997,29,0.026182720699999999
AB,9,10,BETU,99.9999999900,-1.0158920520,0.0672921578,1.9030107349,206.73694644,4,0.099556829200000002
AB,9,11,ACER,99.9999999900,-1.0158920520,0.0672921578,1.9030107349,206.73694644,4,0.099556829200000002
AB,9,12,GENH,99.9999999900,-1.0158920520,0.0672921578,1.9030107349,206.73694644,4,0.099556829200000002
AB,9,121,CARY,99.9999999900,-1.0158920520,0.0672921578,1.9030107349,206.73694644,4,0.099556829200000002
AB,9,122,JUGL,99.9999999900,-1.0158920520,0.0672921578,1.9030107349,206.73694644,4,0.099556829200000002
AB,9,123,ALNU,99.9999999900,-1.0158920520,0.0672921578,1.9030107349,206.73694644,4,0.099556829200000002
AB,9,124,OSTR,99.9999999900,-1.0158920520,0.0672921578,1.9030107349,206.73694644,4,0.099556829200000002
AB,9,125,CARP,99.9999999900,-1.0158920520,0.0672921578,1.9030107349,206.73694644,4,0.099556829200000002
AB,9,126,FAGU,99.9999999900,-1.0158920520,0.0672921578,1.9030107349,206.73694644,4,0.099556829200000002
AB,9,127,QUER,99.9999999900,-1.0158920520,0.0672921578,1.9030107349,206.73694644,4,0.099556829200000002
AB,9,128,ULMU,99.9999999900,-1.0158920520,0.0672921578,1.9030107349,206.73694644,4,0.099556829200000002
AB,9,129,MORU,99.9999999900,-1.0158920520,0.0672921578,1.9030107349,206.73694644,4,0.099556829200000002
AB,9,130,LIRI,99.9999999900,-1.0158920520,0.0672921578,1.9030107349,206.73694644,4,0.099556829200000002
AB,9,131,MAGN,99.9999999900,-1.0158920520,0.0672921578,1.9030107349,206.73694644,4,0.099556829200000002
AB,9,132,SASS,99.9999999900,-1.0158920520,0.0672921578,1.9030107349,206.73694644,4,0.099556829200000002
AB,9,133,PLAT,99.9999999900,-1.0158920520,0.0672921578,1.9030107349,206.73694644,4,0.099556829200000002
AB,9,134,PRUN,99.9999999900,-1.0158920520,0.0672921578,1.9030107349,206.73694644,4,0.099556829200000002
AB,9,135,GLED,99.9999999900,-1.0158920520,0.0672921578,1.9030107349,206.73694644,4,0.099556829200000002
AB,9,136,ROBI,99.9999999900,-1.0158920520,0.0672921578,1.9030107349,206.73694644,4,0.099556829200000002
AB,9,137,TILI,99.9999999900,-1.0158920520,0.0672921578,1.9030107349,206.73694644,4,0.099556829200000002
AB,9,138,NYSS,99.9999999900,-1.0158920520,0.0672921578,1.9030107349,206.73694644,4,0.099556829200000002
AB,9,139,CORN,99.9999999900,-1.0158920520,0.0672921578,1.9030107349,206.73694644,4,0.099556829200000002
AB,9,140,ARBU,99.9999999900,-1.0158920520,0.0672921578,1.9030107349,206.73694644,4,0.099556829200000002
AB,9,141,FRAX,99.9999999900,-1.0158920520,0.0672921578,1.9030107349,206.73694644,4,0.099556829200000002
AB,9,142,SALI,99.9999999900,-1.0158920520,0.0672921578,1.9030107349,206.73694644,4,0.099556829200000002
AB,9,143,GYMN,99.9999999900,-1.0158920520,0.0672921578,1.9030107349,206.73694644,4,0.099556829200000002
AB,9,144,CELT,99.9999999900,-1.0158920520,0.0672921578,1.9030107349,206.73694644,4,0.099556829200000002
AB,9,145,AMEL,99.9999999900,-1.0158920520,0.0672921578,1.9030107349,206.73694644,4,0.099556829200000002
AB,9,146,CORY,99.9999999900,-1.0158920520,0.0672921578,1.9030107349,206.73694644,4,0.099556829200000002
AB,9,147,CRAT,99.9999999900,-1.0158920520,0.0672921578,1.9030107349,206.73694644,4,0.099556829200000002
AB,9,148,ILEX,99.9999999900,-1.0158920520,0.0672921578,1.9030107349,206.73694644,4,0.099556829200000002
AB,9,149,MALU,99.9999999900,-1.0158920520,0.0672921578,1.9030107349,206.73694644,4,0.099556829200000002
AB,9,150,NEMO,99.9999999900,-1.0158920520,0.0672921578,1.9030107349,206.73694644,4,0.099556829200000002
AB,9,151,RHUS,99.9999999900,-1.0158920520,0.0672921578,1.9030107349,206.73694644,4,0.099556829200000002
AB,9,152,SORB,99.9999999900,-1.0158920520,0.0672921578,1.9030107349,206.73694644,4,0.099556829200000002
AB,9,153,VIBU,99.9999999900,-1.0158920520,0.0672921578,1.9030107349,206.73694644,4,0.099556829200000002
AB,9,154,CAST,99.9999999900,-1.0158920520,0.0672921578,1.9030107349,206.73694644,4,0.099556829200000002
AB,9,155,ASIM,99.9999999900,-1.0158920520,0.0672921578,1.9030107349,206.73694644,4,0.099556829200000002
AB,10,1,PICE,7.9906519739,-0.9351961920,0.9403522452,1.3740727732,658.35024884999996,33,0.0562859754
AB,10,2,PINU,99.9999999900,-1.6192691950,0.9710158687,1.5179203184,627.71148980999999,32,0.027183894900000002
AB,10,3,ABIE,26.2198806160,-1.7864592770,0.9987017015,1.1186997115,329.09802062,12,0.023461838700000001
AB,10,5,PSEU,99.9999999900,-1.6806799550,0.9834949561,1.0669729910,410.79147707999999,11,0.0138093964
AB,10,6,LARI,2.7877844027,-2.1088978330,1.1079402819,1.2055191841,199.53544905999999,21,0.1196904464
AB,10,8,GENC,225.2787117200,-1.9178354860,0.9910698494,1.5293538180,658.35024884999996,33,0.015078107300000001
AB,10,9,POPU,26.6229836970,-1.2397995530,0.9559376414,1.7688225269,636.05529768999997,29,0.026182720699999999
AB,10,10,BETU,99.9999999900,-1.0158920520,0.0672921578,1.9030107349,206.73694644,4,0.099556829200000002
AB,10,11,ACER,99.9999999900,-1.0158920520,0.0672921578,1.9030107349,206.73694644,4,0.099556829200000002
AB,10,13,GENH,99.9999999900,-1.0158920520,0.0672921578,1.9030107349,206.73694644,4,0.099556829200000002
AB,10,121,CARY,99.9999999900,-1.0158920520,0.0672921578,1.9030107349,206.73694644,4,0.099556829200000002
AB,10,122,JUGL,99.9999999900,-1.0158920520,0.0672921578,1.9030107349,206.73694644,4,0.099556829200000002
AB,10,123,ALNU,99.9999999900,-1.0158920520,0.0672921578,1.9030107349,206.73694644,4,0.099556829200000002
AB,10,124,OSTR,99.9999999900,-1.0158920520,0.0672921578,1.9030107349,206.73694644,4,0.099556829200000002
AB,10,125,CARP,99.9999999900,-1.0158920520,0.0672921578,1.9030107349,206.73694644,4,0.099556829200000002
AB,10,126,FAGU,99.9999999900,-1.0158920520,0.0672921578,1.9030107349,206.73694644,4,0.099556829200000002
AB,10,127,QUER,99.9999999900,-1.0158920520,0.0672921578,1.9030107349,206.73694644,4,0.099556829200000002
AB,10,128,ULMU,99.9999999900,-1.0158920520,0.0672921578,1.9030107349,206.73694644,4,0.099556829200000002
AB,10,129,MORU,99.9999999900,-1.0158920520,0.0672921578,1.9030107349,206.73694644,4,0.099556829200000002
AB,10,130,LIRI,99.9999999900,-1.0158920520,0.0672921578,1.9030107349,206.73694644,4,0.099556829200000002
AB,10,131,MAGN,99.9999999900,-1.0158920520,0.0672921578,1.9030107349,206.73694644,4,0.099556829200000002
AB,10,132,SASS,99.9999999900,-1.0158920520,0.0672921578,1.9030107349,206.73694644,4,0.099556829200000002
AB,10,133,PLAT,99.9999999900,-1.0158920520,0.0672921578,1.9030107349,206.73694644,4,0.099556829200000002
AB,10,134,PRUN,99.9999999900,-1.0158920520,0.0672921578,1.9030107349,206.73694644,4,0.099556829200000002
AB,10,135,GLED,99.9999999900,-1.0158920520,0.0672921578,1.9030107349,206.73694644,4,0.099556829200000002
AB,10,136,ROBI,99.9999999900,-1.0158920520,0.0672921578,1.9030107349,206.73694644,4,0.099556829200000002
AB,10,137,TILI,99.9999999900,-1.0158920520,0.0672921578,1.9030107349,206.73694644,4,0.099556829200000002
AB,10,138,NYSS,99.9999999900,-1.0158920520,0.0672921578,1.9030107349,206.73694644,4,0.099556829200000002
AB,10,139,CORN,99.9999999900,-1.0158920520,0.0672921578,1.9030107349,206.73694644,4,0.099556829200000002
AB,10,140,ARBU,99.9999999900,-1.0158920520,0.0672921578,1.9030107349,206.73694644,4,0.099556829200000002
AB,10,141,FRAX,99.9999999900,-1.0158920520,0.0672921578,1.9030107349,206.73694644,4,0.099556829200000002
AB,10,142,SALI,99.9999999900,-1.0158920520,0.0672921578,1.9030107349,206.73694644,4,0.099556829200000002
AB,10,143,GYMN,99.9999999900,-1.0158920520,0.0672921578,1.9030107349,206.73694644,4,0.099556829200000002
AB,10,144,CELT,99.9999999900,-1.0158920520,0.0672921578,1.9030107349,206.73694644,4,0.099556829200000002
AB,10,145,AMEL,99.9999999900,-1.0158920520,0.0672921578,1.9030107349,206.73694644,4,0.099556829200000002
AB,10,146,CORY,99.9999999900,-1.0158920520,0.0672921578,1.9030107349,206.73694644,4,0.099556829200000002
AB,10,147,CRAT,99.9999999900,-1.0158920520,0.0672921578,1.9030107349,206.73694644,4,0.099556829200000002
AB,10,148,ILEX,99.9999999900,-1.0158920520,0.0672921578,1.9030107349,206.73694644,4,0.099556829200000002
AB,10,149,MALU,99.9999999900,-1.0158920520,0.0672921578,1.9030107349,206.73694644,4,0.099556829200000002
AB,10,150,NEMO,99.9999999900,-1.0158920520,0.0672921578,1.9030107349,206.73694644,4,0.099556829200000002
AB,10,151,RHUS,99.9999999900,-1.0158920520,0.0672921578,1.9030107349,206.73694644,4,0.099556829200000002
AB,10,152,SORB,99.9999999900,-1.0158920520,0.0672921578,1.9030107349,206.73694644,4,0.099556829200000002
AB,10,153,VIBU,99.9999999900,-1.0158920520,0.0672921578,1.9030107349,206.73694644,4,0.099556829200000002
AB,10,154,CAST,99.9999999900,-1.0158920520,0.0672921578,1.9030107349,206.73694644,4,0.099556829200000002
AB,10,155,ASIM,99.9999999900,-1.0158920520,0.0672921578,1.9030107349,206.73694644,4,0.099556829200000002
AB,14,1,PICE,99.9999999900,-1.6271260390,0.9721989174,1.1114664910,588.99654381000005,17,0.013156091999999999
AB,14,2,PINU,10.0466754780,-0.7299236980,0.7273610976,1.6005566494,377.89513718000001,19,0.096267718299999999
AB,14,3,ABIE,26.2198806160,-1.7864592770,0.9987017015,1.1186997115,329.09802062,12,0.023461838700000001
AB,14,4,TSUG,0.9580652158,-1.2068234870,1.0023122950,1.0268534734,879.86950308999997,38,0.0126217163
AB,14,5,PSEU,99.9999999900,-1.6806799550,0.9834949561,1.0669729910,410.79147707999999,11,0.0138093964
AB,14,6,LARI,2.7877844027,-2.1088978330,1.1079402819,1.2055191841,199.53544905999999,21,0.1196904464
AB,14,7,THUJ,1.7740874580,-1.4139177480,1.0011293036,1.0607883935,2473.4432956000001,43,0.0086893014999999997
AB,14,8,GENC,16.7046057380,-0.9165516900,0.8293569526,1.6068026811,588.99654381000005,23,0.087876460700000006
AB,14,9,POPU,2.0064161357,-0.2865399520,0.4933799837,1.2237496530,343.34153687999998,11,0.17996923910000001
AB,14,10,BETU,99.9999999900,-1.0158920520,0.0672921578,1.9030107349,206.73694644,4,0.099556829200000002
AB,14,11,ACER,99.9999999900,-1.0158920520,0.0672921578,1.9030107349,206.73694644,4,0.099556829200000002
AB,14,13,GENH,99.9999999900,-1.0158920520,0.0672921578,1.9030107349,206.73694644,4,0.099556829200000002
AB,14,121,CARY,99.9999999900,-1.0158920520,0.0672921578,1.9030107349,206.73694644,4,0.099556829200000002
AB,14,122,JUGL,99.9999999900,-1.0158920520,0.0672921578,1.9030107349,206.73694644,4,0.099556829200000002
AB,14,123,ALNU,99.9999999900,-1.0158920520,0.0672921578,1.9030107349,206.73694644,4,0.099556829200000002
AB,14,124,OSTR,99.9999999900,-1.0158920520,0.0672921578,1.9030107349,206.73694644,4,0.099556829200000002
AB,14,125,CARP,99.9999999900,-1.0158920520,0.0672921578,1.9030107349,206.73694644,4,0.099556829200000002
AB,14,126,FAGU,99.9999999900,-1.0158920520,0.0672921578,1.9030107349,206.73694644,4,0.099556829200000002
AB,14,127,QUER,99.9999999900,-1.0158920520,0.0672921578,1.9030107349,206.73694644,4,0.099556829200000002
AB,14,128,ULMU,99.9999999900,-1.0158920520,0.0672921578,1.9030107349,206.73694644,4,0.099556829200000002
AB,14,129,MORU,99.9999999900,-1.0158920520,0.0672921578,1.9030107349,206.73694644,4,0.099556829200000002
AB,14,130,LIRI,99.9999999900,-1.0158920520,0.0672921578,1.9030107349,206.73694644,4,0.099556829200000002
AB,14,131,MAGN,99.9999999900,-1.0158920520,0.0672921578,1.9030107349,206.73694644,4,0.099556829200000002
AB,14,132,SASS,99.9999999900,-1.0158920520,0.0672921578,1.9030107349,206.73694644,4,0.099556829200000002
AB,14,133,PLAT,99.9999999900,-1.0158920520,0.0672921578,1.9030107349,206.73694644,4,0.099556829200000002
AB,14,134,PRUN,99.9999999900,-1.0158920520,0.0672921578,1.9030107349,206.73694644,4,0.099556829200000002
AB,14,135,GLED,99.9999999900,-1.0158920520,0.0672921578,1.9030107349,206.73694644,4,0.099556829200000002
AB,14,136,ROBI,99.9999999900,-1.0158920520,0.0672921578,1.9030107349,206.73694644,4,0.099556829200000002
AB,14,137,TILI,99.9999999900,-1.0158920520,0.0672921578,1.9030107349,206.73694644,4,0.099556829200000002
AB,14,138,NYSS,99.9999999900,-1.0158920520,0.0672921578,1.9030107349,206.73694644,4,0.099556829200000002
AB,14,139,CORN,99.9999999900,-1.0158920520,0.0672921578,1.9030107349,206.73694644,4,0.099556829200000002
AB,14,140,ARBU,99.9999999900,-1.0158920520,0.0672921578,1.9030107349,206.73694644,4,0.099556829200000002
AB,14,141,FRAX,99.9999999900,-1.0158920520,0.0672921578,1.9030107349,206.73694644,4,0.099556829200000002
AB,14,142,SALI,99.9999999900,-1.0158920520,0.0672921578,1.9030107349,206.73694644,4,0.099556829200000002
AB,14,143,GYMN,99.9999999900,-1.0158920520,0.0672921578,1.9030107349,206.73694644,4,0.099556829200000002
AB,14,144,CELT,99.9999999900,-1.0158920520,0.0672921578,1.9030107349,206.73694644,4,0.099556829200000002
AB,14,145,AMEL,99.9999999900,-1.0158920520,0.0672921578,1.9030107349,206.73694644,4,0.099556829200000002
AB,14,146,CORY,99.9999999900,-1.0158920520,0.0672921578,1.9030107349,206.73694644,4,0.099556829200000002
AB,14,147,CRAT,99.9999999900,-1.0158920520,0.0672921578,1.9030107349,206.73694644,4,0.099556829200000002
AB,14,148,ILEX,99.9999999900,-1.0158920520,0.0672921578,1.9030107349,206.73694644,4,0.099556829200000002
AB,14,149,MALU,99.9999999900,-1.0158920520,0.0672921578,1.9030107349,206.73694644,4,0.099556829200000002
AB,14,150,NEMO,99.9999999900,-1.0158920520,0.0672921578,1.9030107349,206.73694644,4,0.099556829200000002
AB,14,151,RHUS,99.9999999900,-1.0158920520,0.0672921578,1.9030107349,206.73694644,4,0.099556829200000002
AB,14,152,SORB,99.9999999900,-1.0158920520,0.0672921578,1.9030107349,206.73694644,4,0.099556829200000002
AB,14,153,VIBU,99.9999999900,-1.0158920520,0.0672921578,1.9030107349,206.73694644,4,0.099556829200000002
AB,14,154,CAST,99.9999999900,-1.0158920520,0.0672921578,1.9030107349,206.73694644,4,0.099556829200000002
AB,14,155,ASIM,99.9999999900,-1.0158920520,0.0672921578,1.9030107349,206.73694644,4,0.099556829200000002
BC,4,1,PICE,99.9999999900,-2.8344782890,1.0009045074,1.0100127960,617.90201203000004,18,0.0020163106000000001
BC,4,2,PINU,1.0814961278,-0.0142923530,0.0000000100,1.0230933471,282.67918036999998,6,0.010528074700000001
BC,4,3,ABIE,0.1475232349,-0.4985176240,0.9881640956,1.0604455055,394.45499999999998,6,0.0074575689999999998
BC,4,4,TSUG,2.8967002937,-1.2623267120,0.9986885271,1.0510827552,1876.3374577,65,0.0031703383000000001
BC,4,5,PSEU,0.5487067201,-0.8358298860,0.9962740568,1.0229976183,1828.8488792000001,73,0.0080272999999999994
BC,4,6,LARI,0.9030837561,-1.2233243120,0.9995242723,1.0147712670,795.06432588999996,31,0.00086121349999999995
BC,4,7,THUJ,99.9999999900,-1.8966790550,1.0062627417,1.2422124671,1451.5008875999999,42,0.057165069800000003
BC,4,8,GENC,99.9999999900,-2.8344782890,1.0009045074,1.0100127960,617.90201203000004,18,0.0020163106000000001
BC,4,9,POPU,38.2071059970,-1.7018092240,0.9958273069,1.0781301786,752.35775609999996,31,0.0075278354999999998
BC,4,10,BETU,1.1047794416,-0.0187454400,0.0000000100,1.0255203528,454.14807021000001,13,0.0151401752
BC,4,11,ACER,99.9999999900,-2.2721716470,0.9983311880,1.0370253176,567.41213436999999,13,0.0021588253000000002
BC,4,12,GENH,99.9999999900,-2.2026296120,0.9981158834,1.0427352122,879.85425497999995,19,0.0047280140999999996
BC,4,71,JUNI,99.9999999900,-1.8966790550,1.0062627417,1.2422124671,1451.5008875999999,42,0.057165069800000003
BC,4,72,TAXU,99.9999999900,-1.8966790550,1.0062627417,1.2422124671,1451.5008875999999,42,0.057165069800000003
BC,4,73,CHAM,99.9999999900,-1.8966790550,1.0062627417,1.2422124671,1451.5008875999999,42,0.057165069800000003
BC,4,121,CARY,99.9999999900,-2.2026296120,0.9981158834,1.0427352122,879.85425497999995,19,0.0047280140999999996
BC,4,122,JUGL,99.9999999900,-2.2026296120,0.9981158834,1.0427352122,879.85425497999995,19,0.0047280140999999996
BC,4,123,ALNU,99.9999999900,-2.2026296120,0.9981158834,1.0427352122,879.85425497999995,19,0.0047280140999999996
BC,4,124,OSTR,99.9999999900,-2.2026296120,0.9981158834,1.0427352122,879.85425497999995,19,0.0047280140999999996
BC,4,125,CARP,99.9999999900,-2.2026296120,0.9981158834,1.0427352122,879.85425497999995,19,0.0047280140999999996
BC,4,126,FAGU,99.9999999900,-2.2026296120,0.9981158834,1.0427352122,879.85425497999995,19,0.0047280140999999996
BC,4,127,QUER,99.9999999900,-2.2026296120,0.9981158834,1.0427352122,879.85425497999995,19,0.0047280140999999996
BC,4,128,ULMU,99.9999999900,-2.2026296120,0.9981158834,1.0427352122,879.85425497999995,19,0.0047280140999999996
BC,4,129,MORU,99.9999999900,-2.2026296120,0.9981158834,1.0427352122,879.85425497999995,19,0.0047280140999999996
BC,4,130,LIRI,99.9999999900,-2.2026296120,0.9981158834,1.0427352122,879.85425497999995,19,0.0047280140999999996
BC,4,131,MAGN,99.9999999900,-2.2026296120,0.9981158834,1.0427352122,879.85425497999995,19,0.0047280140999999996
BC,4,132,SASS,99.9999999900,-2.2026296120,0.9981158834,1.0427352122,879.85425497999995,19,0.0047280140999999996
BC,4,133,PLAT,99.9999999900,-2.2026296120,0.9981158834,1.0427352122,879.85425497999995,19,0.0047280140999999996
BC,4,134,PRUN,99.9999999900,-2.2026296120,0.9981158834,1.0427352122,879.85425497999995,19,0.0047280140999999996
BC,4,135,GLED,99.9999999900,-2.2026296120,0.9981158834,1.0427352122,879.85425497999995,19,0.0047280140999999996
BC,4,136,ROBI,99.9999999900,-2.2026296120,0.9981158834,1.0427352122,879.85425497999995,19,0.0047280140999999996
BC,4,137,TILI,99.9999999900,-2.2026296120,0.9981158834,1.0427352122,879.85425497999995,19,0.0047280140999999996
BC,4,138,NYSS,99.9999999900,-2.2026296120,0.9981158834,1.0427352122,879.85425497999995,19,0.0047280140999999996
BC,4,139,CORN,99.9999999900,-2.2026296120,0.9981158834,1.0427352122,879.85425497999995,19,0.0047280140999999996
BC,4,140,ARBU,99.9999999900,-2.2026296120,0.9981158834,1.0427352122,879.85425497999995,19,0.0047280140999999996
BC,4,141,FRAX,99.9999999900,-2.2026296120,0.9981158834,1.0427352122,879.85425497999995,19,0.0047280140999999996
BC,4,142,SALI,99.9999999900,-2.2026296120,0.9981158834,1.0427352122,879.85425497999995,19,0.0047280140999999996
BC,4,143,GYMN,99.9999999900,-2.2026296120,0.9981158834,1.0427352122,879.85425497999995,19,0.0047280140999999996
BC,4,144,CELT,99.9999999900,-2.2026296120,0.9981158834,1.0427352122,879.85425497999995,19,0.0047280140999999996
BC,4,145,AMEL,99.9999999900,-2.2026296120,0.9981158834,1.0427352122,879.85425497999995,19,0.0047280140999999996
BC,4,146,CORY,99.9999999900,-2.2026296120,0.9981158834,1.0427352122,879.85425497999995,19,0.0047280140999999996
BC,4,147,CRAT,99.9999999900,-2.2026296120,0.9981158834,1.0427352122,879.85425497999995,19,0.0047280140999999996
BC,4,148,ILEX,99.9999999900,-2.2026296120,0.9981158834,1.0427352122,879.85425497999995,19,0.0047280140999999996
BC,4,149,MALU,99.9999999900,-2.2026296120,0.9981158834,1.0427352122,879.85425497999995,19,0.0047280140999999996
BC,4,150,NEMO,99.9999999900,-2.2026296120,0.9981158834,1.0427352122,879.85425497999995,19,0.0047280140999999996
BC,4,151,RHUS,99.9999999900,-2.2026296120,0.9981158834,1.0427352122,879.85425497999995,19,0.0047280140999999996
BC,4,152,SORB,99.9999999900,-2.2026296120,0.9981158834,1.0427352122,879.85425497999995,19,0.0047280140999999996
BC,4,153,VIBU,99.9999999900,-2.2026296120,0.9981158834,1.0427352122,879.85425497999995,19,0.0047280140999999996
BC,4,154,CAST,99.9999999900,-2.2026296120,0.9981158834,1.0427352122,879.85425497999995,19,0.0047280140999999996
BC,4,155,ASIM,99.9999999900,-2.2026296120,0.9981158834,1.0427352122,879.85425497999995,19,0.0047280140999999996
BC,9,1,PICE,2.1997736618,-1.1398632200,0.9943985670,1.0229021259,542.71387140000002,18,0.0057226344
BC,9,2,PINU,4.9279638155,-1.4856994350,0.9986239820,1.0258737982,315.17773526000002,13,0.0048677471
BC,9,3,ABIE,0.1475232349,-0.4985176240,0.9881640956,1.0604455055,394.45499999999998,6,0.0074575689999999998
BC,9,4,TSUG,2.8967002937,-1.2623267120,0.9986885271,1.0510827552,1876.3374577,65,0.0031703383000000001
BC,9,5,PSEU,0.5487067201,-0.8358298860,0.9962740568,1.0229976183,1828.8488792000001,73,0.0080272999999999994
BC,9,6,LARI,0.9030837561,-1.2233243120,0.9995242723,1.0147712670,795.06432588999996,31,0.00086121349999999995
BC,9,7,THUJ,99.9999999900,-1.8966790550,1.0062627417,1.2422124671,1451.5008875999999,42,0.057165069800000003
BC,9,8,GENC,2.1997736618,-1.1398632200,0.9943985670,1.0229021259,542.71387140000002,18,0.0057226344
BC,9,9,POPU,99.9999999900,-2.1526327740,0.9985709777,1.0233627224,562.73113332000003,26,0.0018891349999999999
BC,9,10,BETU,1.1047794416,-0.0187454400,0.0000000100,1.0255203528,454.14807021000001,13,0.0151401752
BC,9,11,ACER,99.9999999900,-2.2721716470,0.9983311880,1.0370253176,567.41213436999999,13,0.0021588253000000002
BC,9,12,GENH,99.9999999900,-2.2026296120,0.9981158834,1.0427352122,879.85425497999995,19,0.0047280140999999996
BC,9,71,JUNI,99.9999999900,-1.8966790550,1.0062627417,1.2422124671,1451.5008875999999,42,0.057165069800000003
BC,9,72,TAXU,99.9999999900,-1.8966790550,1.0062627417,1.2422124671,1451.5008875999999,42,0.057165069800000003
BC,9,73,CHAM,99.9999999900,-1.8966790550,1.0062627417,1.2422124671,1451.5008875999999,42,0.057165069800000003
BC,9,121,CARY,99.9999999900,-2.2026296120,0.9981158834,1.0427352122,879.85425497999995,19,0.0047280140999999996
BC,9,122,JUGL,99.9999999900,-2.2026296120,0.9981158834,1.0427352122,879.85425497999995,19,0.0047280140999999996
BC,9,123,ALNU,99.9999999900,-2.2026296120,0.9981158834,1.0427352122,879.85425497999995,19,0.0047280140999999996
BC,9,124,OSTR,99.9999999900,-2.2026296120,0.9981158834,1.0427352122,879.85425497999995,19,0.0047280140999999996
BC,9,125,CARP,99.9999999900,-2.2026296120,0.9981158834,1.0427352122,879.85425497999995,19,0.0047280140999999996
BC,9,126,FAGU,99.9999999900,-2.2026296120,0.9981158834,1.0427352122,879.85425497999995,19,0.0047280140999999996
BC,9,127,QUER,99.9999999900,-2.2026296120,0.9981158834,1.0427352122,879.85425497999995,19,0.0047280140999999996
BC,9,128,ULMU,99.9999999900,-2.2026296120,0.9981158834,1.0427352122,879.85425497999995,19,0.0047280140999999996
BC,9,129,MORU,99.9999999900,-2.2026296120,0.9981158834,1.0427352122,879.85425497999995,19,0.0047280140999999996
BC,9,130,LIRI,99.9999999900,-2.2026296120,0.9981158834,1.0427352122,879.85425497999995,19,0.0047280140999999996
BC,9,131,MAGN,99.9999999900,-2.2026296120,0.9981158834,1.0427352122,879.85425497999995,19,0.0047280140999999996
BC,9,132,SASS,99.9999999900,-2.2026296120,0.9981158834,1.0427352122,879.85425497999995,19,0.0047280140999999996
BC,9,133,PLAT,99.9999999900,-2.2026296120,0.9981158834,1.0427352122,879.85425497999995,19,0.0047280140999999996
BC,9,134,PRUN,99.9999999900,-2.2026296120,0.9981158834,1.0427352122,879.85425497999995,19,0.0047280140999999996
BC,9,135,GLED,99.9999999900,-2.2026296120,0.9981158834,1.0427352122,879.85425497999995,19,0.0047280140999999996
BC,9,136,ROBI,99.9999999900,-2.2026296120,0.9981158834,1.0427352122,879.85425497999995,19,0.0047280140999999996
BC,9,137,TILI,99.9999999900,-2.2026296120,0.9981158834,1.0427352122,879.85425497999995,19,0.0047280140999999996
BC,9,138,NYSS,99.9999999900,-2.2026296120,0.9981158834,1.0427352122,879.85425497999995,19,0.0047280140999999996
BC,9,139,CORN,99.9999999900,-2.2026296120,0.9981158834,1.0427352122,879.85425497999995,19,0.0047280140999999996
BC,9,140,ARBU,99.9999999900,-2.2026296120,0.9981158834,1.0427352122,879.85425497999995,19,0.0047280140999999996
BC,9,141,FRAX,99.9999999900,-2.2026296120,0.9981158834,1.0427352122,879.85425497999995,19,0.0047280140999999996
BC,9,142,SALI,99.9999999900,-2.2026296120,0.9981158834,1.0427352122,879.85425497999995,19,0.0047280140999999996
BC,9,143,GYMN,99.9999999900,-2.2026296120,0.9981158834,1.0427352122,879.85425497999995,19,0.0047280140999999996
BC,9,144,CELT,99.9999999900,-2.2026296120,0.9981158834,1.0427352122,879.85425497999995,19,0.0047280140999999996
BC,9,145,AMEL,99.9999999900,-2.2026296120,0.9981158834,1.0427352122,879.85425497999995,19,0.0047280140999999996
BC,9,146,CORY,99.9999999900,-2.2026296120,0.9981158834,1.0427352122,879.85425497999995,19,0.0047280140999999996
BC,9,147,CRAT,99.9999999900,-2.2026296120,0.9981158834,1.0427352122,879.85425497999995,19,0.0047280140999999996
BC,9,148,ILEX,99.9999999900,-2.2026296120,0.9981158834,1.0427352122,879.85425497999995,19,0.0047280140999999996
BC,9,149,MALU,99.9999999900,-2.2026296120,0.9981158834,1.0427352122,879.85425497999995,19,0.0047280140999999996
BC,9,150,NEMO,99.9999999900,-2.2026296120,0.9981158834,1.0427352122,879.85425497999995,19,0.0047280140999999996
BC,9,151,RHUS,99.9999999900,-2.2026296120,0.9981158834,1.0427352122,879.85425497999995,19,0.0047280140999999996
BC,9,152,SORB,99.9999999900,-2.2026296120,0.9981158834,1.0427352122,879.85425497999995,19,0.0047280140999999996
BC,9,153,VIBU,99.9999999900,-2.2026296120,0.9981158834,1.0427352122,879.85425497999995,19,0.0047280140999999996
BC,9,154,CAST,99.9999999900,-2.2026296120,0.9981158834,1.0427352122,879.85425497999995,19,0.0047280140999999996
BC,9,155,ASIM,99.9999999900,-2.2026296120,0.9981158834,1.0427352122,879.85425497999995,19,0.0047280140999999996
BC,12,1,PICE,99.9999999900,-2.1561897280,0.9986949168,1.0146115532,629.39250000000004,15,0.0019600108000000002
BC,12,2,PINU,99.9999999900,-2.0515998150,0.9976783584,1.0376629619,501.37956310999999,20,0.0047309177000000001
BC,12,3,ABIE,0.1475232349,-0.4985176240,0.9881640956,1.0604455055,394.45499999999998,6,0.0074575689999999998
BC,12,4,TSUG,2.8967002937,-1.2623267120,0.9986885271,1.0510827552,1876.3374577,65,0.0031703383000000001
BC,12,5,PSEU,0.5487067201,-0.8358298860,0.9962740568,1.0229976183,1828.8488792000001,73,0.0080272999999999994
BC,12,6,LARI,0.9030837561,-1.2233243120,0.9995242723,1.0147712670,795.06432588999996,31,0.00086121349999999995
BC,12,7,THUJ,99.9999999900,-1.8966790550,1.0062627417,1.2422124671,1451.5008875999999,42,0.057165069800000003
BC,12,8,GENC,99.9999999900,-2.1561897280,0.9986949168,1.0146115532,629.39250000000004,15,0.0019600108000000002
BC,12,9,POPU,99.9999999900,-1.9805404900,0.9934285330,1.0273115290,459.37201004999997,7,0.0061861245
BC,12,10,BETU,0.8908956053,-0.0106748650,0.1703987176,1.0231217801,361.35410629,7,0.0185541421
BC,12,11,ACER,99.9999999900,-2.2721716470,0.9983311880,1.0370253176,567.41213436999999,13,0.0021588253000000002
BC,12,12,GENH,99.9999999900,-2.2026296120,0.9981158834,1.0427352122,879.85425497999995,19,0.0047280140999999996
BC,12,71,JUNI,99.9999999900,-1.8966790550,1.0062627417,1.2422124671,1451.5008875999999,42,0.057165069800000003
BC,12,72,TAXU,99.9999999900,-1.8966790550,1.0062627417,1.2422124671,1451.5008875999999,42,0.057165069800000003
BC,12,73,CHAM,99.9999999900,-1.8966790550,1.0062627417,1.2422124671,1451.5008875999999,42,0.057165069800000003
BC,12,121,CARY,99.9999999900,-2.2026296120,0.9981158834,1.0427352122,879.85425497999995,19,0.0047280140999999996
BC,12,122,JUGL,99.9999999900,-2.2026296120,0.9981158834,1.0427352122,879.85425497999995,19,0.0047280140999999996
BC,12,123,ALNU,99.9999999900,-2.2026296120,0.9981158834,1.0427352122,879.85425497999995,19,0.0047280140999999996
BC,12,124,OSTR,99.9999999900,-2.2026296120,0.9981158834,1.0427352122,879.85425497999995,19,0.0047280140999999996
BC,12,125,CARP,99.9999999900,-2.2026296120,0.9981158834,1.0427352122,879.85425497999995,19,0.0047280140999999996
BC,12,126,FAGU,99.9999999900,-2.2026296120,0.9981158834,1.0427352122,879.85425497999995,19,0.0047280140999999996
BC,12,127,QUER,99.9999999900,-2.2026296120,0.9981158834,1.0427352122,879.85425497999995,19,0.0047280140999999996
BC,12,128,ULMU,99.9999999900,-2.2026296120,0.9981158834,1.0427352122,879.85425497999995,19,0.0047280140999999996
BC,12,129,MORU,99.9999999900,-2.2026296120,0.9981158834,1.0427352122,879.85425497999995,19,0.0047280140999999996
BC,12,130,LIRI,99.9999999900,-2.2026296120,0.9981158834,1.0427352122,879.85425497999995,19,0.0047280140999999996
BC,12,131,MAGN,99.9999999900,-2.2026296120,0.9981158834,1.0427352122,879.85425497999995,19,0.0047280140999999996
BC,12,132,SASS,99.9999999900,-2.2026296120,0.9981158834,1.0427352122,879.85425497999995,19,0.0047280140999999996
BC,12,133,PLAT,99.9999999900,-2.2026296120,0.9981158834,1.0427352122,879.85425497999995,19,0.0047280140999999996
BC,12,134,PRUN,99.9999999900,-2.2026296120,0.9981158834,1.0427352122,879.85425497999995,19,0.0047280140999999996
BC,12,135,GLED,99.9999999900,-2.2026296120,0.9981158834,1.0427352122,879.85425497999995,19,0.0047280140999999996
BC,12,136,ROBI,99.9999999900,-2.2026296120,0.9981158834,1.0427352122,879.85425497999995,19,0.0047280140999999996
BC,12,137,TILI,99.9999999900,-2.2026296120,0.9981158834,1.0427352122,879.85425497999995,19,0.0047280140999999996
BC,12,138,NYSS,99.9999999900,-2.2026296120,0.9981158834,1.0427352122,879.85425497999995,19,0.0047280140999999996
BC,12,139,CORN,99.9999999900,-2.2026296120,0.9981158834,1.0427352122,879.85425497999995,19,0.0047280140999999996
BC,12,140,ARBU,99.9999999900,-2.2026296120,0.9981158834,1.0427352122,879.85425497999995,19,0.0047280140999999996
BC,12,141,FRAX,99.9999999900,-2.2026296120,0.9981158834,1.0427352122,879.85425497999995,19,0.0047280140999999996
BC,12,142,SALI,99.9999999900,-2.2026296120,0.9981158834,1.0427352122,879.85425497999995,19,0.0047280140999999996
BC,12,143,GYMN,99.9999999900,-2.2026296120,0.9981158834,1.0427352122,879.85425497999995,19,0.0047280140999999996
BC,12,144,CELT,99.9999999900,-2.2026296120,0.9981158834,1.0427352122,879.85425497999995,19,0.0047280140999999996
BC,12,145,AMEL,99.9999999900,-2.2026296120,0.9981158834,1.0427352122,879.85425497999995,19,0.0047280140999999996
BC,12,146,CORY,99.9999999900,-2.2026296120,0.9981158834,1.0427352122,879.85425497999995,19,0.0047280140999999996
BC,12,147,CRAT,99.9999999900,-2.2026296120,0.9981158834,1.0427352122,879.85425497999995,19,0.0047280140999999996
BC,12,148,ILEX,99.9999999900,-2.2026296120,0.9981158834,1.0427352122,879.85425497999995,19,0.0047280140999999996
BC,12,149,MALU,99.9999999900,-2.2026296120,0.9981158834,1.0427352122,879.85425497999995,19,0.0047280140999999996
BC,12,150,NEMO,99.9999999900,-2.2026296120,0.9981158834,1.0427352122,879.85425497999995,19,0.0047280140999999996
BC,12,151,RHUS,99.9999999900,-2.2026296120,0.9981158834,1.0427352122,879.85425497999995,19,0.0047280140999999996
BC,12,152,SORB,99.9999999900,-2.2026296120,0.9981158834,1.0427352122,879.85425497999995,19,0.0047280140999999996
BC,12,153,VIBU,99.9999999900,-2.2026296120,0.9981158834,1.0427352122,879.85425497999995,19,0.0047280140999999996
BC,12,154,CAST,99.9999999900,-2.2026296120,0.9981158834,1.0427352122,879.85425497999995,19,0.0047280140999999996
BC,12,155,ASIM,99.9999999900,-2.2026296120,0.9981158834,1.0427352122,879.85425497999995,19,0.0047280140999999996
BC,13,1,PICE,0.3370609818,-0.9051063280,0.9987610251,1.0183828287,2605.2795371000002,65,0.0038394677999999999
BC,13,2,PINU,1.7679554416,-1.2635919320,0.9986907354,1.0200353586,685.99470321000001,23,0.0022457811000000001
BC,13,3,ABIE,0.7523477062,-0.9523785280,0.9953926704,1.0319810330,1134.0200146,26,0.0064661967000000002
BC,13,4,TSUG,2.8967002937,-1.2623267120,0.9986885271,1.0510827552,1876.3374577,65,0.0031703383000000001
BC,13,5,PSEU,0.5487067201,-0.8358298860,0.9962740568,1.0229976183,1828.8488792000001,73,0.0080272999999999994
BC,13,6,LARI,0.9030837561,-1.2233243120,0.9995242723,1.0147712670,795.06432588999996,31,0.00086121349999999995
BC,13,7,THUJ,99.9999999900,-1.8966790550,1.0062627417,1.2422124671,1451.5008875999999,42,0.057165069800000003
BC,13,8,GENC,2.8967002937,-1.2623267120,0.9986885271,1.0510827552,1876.3374577,65,0.0031703383000000001
BC,13,9,POPU,99.9999999900,-2.2721716470,0.9983311880,1.0370253176,567.41213436999999,13,0.0021588253000000002
BC,13,10,BETU,0.8908956053,-0.0106748650,0.1703987176,1.0231217801,361.35410629,7,0.0185541421
BC,13,11,ACER,99.9999999900,-2.2721716470,0.9983311880,1.0370253176,567.41213436999999,13,0.0021588253000000002
BC,13,12,GENH,99.9999999900,-2.2026296120,0.9981158834,1.0427352122,879.85425497999995,19,0.0047280140999999996
BC,13,71,JUNI,99.9999999900,-1.8966790550,1.0062627417,1.2422124671,1451.5008875999999,42,0.057165069800000003
BC,13,72,TAXU,99.9999999900,-1.8966790550,1.0062627417,1.2422124671,1451.5008875999999,42,0.057165069800000003
BC,13,73,CHAM,99.9999999900,-1.8966790550,1.0062627417,1.2422124671,1451.5008875999999,42,0.057165069800000003
BC,13,121,CARY,99.9999999900,-2.2026296120,0.9981158834,1.0427352122,879.85425497999995,19,0.0047280140999999996
BC,13,122,JUGL,99.9999999900,-2.2026296120,0.9981158834,1.0427352122,879.85425497999995,19,0.0047280140999999996
BC,13,123,ALNU,99.9999999900,-2.2026296120,0.9981158834,1.0427352122,879.85425497999995,19,0.0047280140999999996
BC,13,124,OSTR,99.9999999900,-2.2026296120,0.9981158834,1.0427352122,879.85425497999995,19,0.0047280140999999996
BC,13,125,CARP,99.9999999900,-2.2026296120,0.9981158834,1.0427352122,879.85425497999995,19,0.0047280140999999996
BC,13,126,FAGU,99.9999999900,-2.2026296120,0.9981158834,1.0427352122,879.85425497999995,19,0.0047280140999999996
BC,13,127,QUER,99.9999999900,-2.2026296120,0.9981158834,1.0427352122,879.85425497999995,19,0.0047280140999999996
BC,13,128,ULMU,99.9999999900,-2.2026296120,0.9981158834,1.0427352122,879.85425497999995,19,0.0047280140999999996
BC,13,129,MORU,99.9999999900,-2.2026296120,0.9981158834,1.0427352122,879.85425497999995,19,0.0047280140999999996
BC,13,130,LIRI,99.9999999900,-2.2026296120,0.9981158834,1.0427352122,879.85425497999995,19,0.0047280140999999996
BC,13,131,MAGN,99.9999999900,-2.2026296120,0.9981158834,1.0427352122,879.85425497999995,19,0.0047280140999999996
BC,13,132,SASS,99.9999999900,-2.2026296120,0.9981158834,1.0427352122,879.85425497999995,19,0.0047280140999999996
BC,13,133,PLAT,99.9999999900,-2.2026296120,0.9981158834,1.0427352122,879.85425497999995,19,0.0047280140999999996
BC,13,134,PRUN,99.9999999900,-2.2026296120,0.9981158834,1.0427352122,879.85425497999995,19,0.0047280140999999996
BC,13,135,GLED,99.9999999900,-2.2026296120,0.9981158834,1.0427352122,879.85425497999995,19,0.0047280140999999996
BC,13,136,ROBI,99.9999999900,-2.2026296120,0.9981158834,1.0427352122,879.85425497999995,19,0.0047280140999999996
BC,13,137,TILI,99.9999999900,-2.2026296120,0.9981158834,1.0427352122,879.85425497999995,19,0.0047280140999999996
BC,13,138,NYSS,99.9999999900,-2.2026296120,0.9981158834,1.0427352122,879.85425497999995,19,0.0047280140999999996
BC,13,139,CORN,99.9999999900,-2.2026296120,0.9981158834,1.0427352122,879.85425497999995,19,0.0047280140999999996
BC,13,140,ARBU,99.9999999900,-2.2026296120,0.9981158834,1.0427352122,879.85425497999995,19,0.0047280140999999996
BC,13,141,FRAX,99.9999999900,-2.2026296120,0.9981158834,1.0427352122,879.85425497999995,19,0.0047280140999999996
BC,13,142,SALI,99.9999999900,-2.2026296120,0.9981158834,1.0427352122,879.85425497999995,19,0.0047280140999999996
BC,13,143,GYMN,99.9999999900,-2.2026296120,0.9981158834,1.0427352122,879.85425497999995,19,0.0047280140999999996
BC,13,144,CELT,99.9999999900,-2.2026296120,0.9981158834,1.0427352122,879.85425497999995,19,0.0047280140999999996
BC,13,145,AMEL,99.9999999900,-2.2026296120,0.9981158834,1.0427352122,879.85425497999995,19,0.0047280140999999996
BC,13,146,CORY,99.9999999900,-2.2026296120,0.9981158834,1.0427352122,879.85425497999995,19,0.0047280140999999996
BC,13,147,CRAT,99.9999999900,-2.2026296120,0.9981158834,1.0427352122,879.85425497999995,19,0.0047280140999999996
BC,13,148,ILEX,99.9999999900,-2.2026296120,0.9981158834,1.0427352122,879.85425497999995,19,0.0047280140999999996
BC,13,149,MALU,99.9999999900,-2.2026296120,0.9981158834,1.0427352122,879.85425497999995,19,0.0047280140999999996
BC,13,150,NEMO,99.9999999900,-2.2026296120,0.9981158834,1.0427352122,879.85425497999995,19,0.0047280140999999996
BC,13,151,RHUS,99.9999999900,-2.2026296120,0.9981158834,1.0427352122,879.85425497999995,19,0.0047280140999999996
BC,13,152,SORB,99.9999999900,-2.2026296120,0.9981158834,1.0427352122,879.85425497999995,19,0.0047280140999999996
BC,13,153,VIBU,99.9999999900,-2.2026296120,0.9981158834,1.0427352122,879.85425497999995,19,0.0047280140999999996
BC,13,154,CAST,99.9999999900,-2.2026296120,0.9981158834,1.0427352122,879.85425497999995,19,0.0047280140999999996
BC,13,155,ASIM,99.9999999900,-2.2026296120,0.9981158834,1.0427352122,879.85425497999995,19,0.0047280140999999996
BC,14,1,PICE,0.2003550058,-0.6773096470,0.9954991386,1.0213892238,1061.6165777000001,47,0.0032670923000000002
BC,14,2,PINU,99.9999999900,-2.2572837370,1.0000364525,1.0397191547,873.00446379000005,39,0.0020294795
BC,14,3,ABIE,73.5744577480,-2.3892345310,1.0008527623,1.0342867314,948.14513294000005,33,0.0015872538999999999
BC,14,4,TSUG,14.4710591840,-1.7872759120,1.0029147231,1.0377957261,879.86950308999997,38,0.013010259099999999
BC,14,5,PSEU,16.7497384010,-1.9355971450,1.0002337841,1.0466526054,1855.6885895,51,0.00049076399999999998
BC,14,6,LARI,0.9030837561,-1.2233243120,0.9995242723,1.0147712670,795.06432588999996,31,0.00086121349999999995
BC,14,7,THUJ,0.3718755976,-0.6631878380,0.9912583318,1.0702603886,2473.4432956000001,43,0.010500813499999999
BC,14,8,GENC,0.2003550058,-0.6773096470,0.9954991386,1.0213892238,1061.6165777000001,47,0.0032670923000000002
BC,14,9,POPU,99.9999999900,-2.1680931130,0.9986224586,1.0524088822,650.5206809,31,0.0069829979000000002
BC,14,10,BETU,0.7191215904,-1.0436544150,0.9977443335,1.0197653850,553.21248691000005,18,0.0041826631999999997
BC,14,11,ACER,99.9999999900,-2.1680931130,0.9986224586,1.0524088822,650.5206809,31,0.0069829979000000002
BC,14,12,GENH,99.9999999900,-2.1100988830,0.9953816041,1.0409082172,187.50573097,4,0.0053487624000000001
BC,14,71,JUNI,0.3718755976,-0.6631878380,0.9912583318,1.0702603886,2473.4432956000001,43,0.010500813499999999
BC,14,72,TAXU,0.3718755976,-0.6631878380,0.9912583318,1.0702603886,2473.4432956000001,43,0.010500813499999999
BC,14,73,CHAM,0.3718755976,-0.6631878380,0.9912583318,1.0702603886,2473.4432956000001,43,0.010500813499999999
BC,14,121,CARY,99.9999999900,-2.1100988830,0.9953816041,1.0409082172,187.50573097,4,0.0053487624000000001
BC,14,122,JUGL,99.9999999900,-2.1100988830,0.9953816041,1.0409082172,187.50573097,4,0.0053487624000000001
BC,14,123,ALNU,99.9999999900,-2.1100988830,0.9953816041,1.0409082172,187.50573097,4,0.0053487624000000001
BC,14,124,OSTR,99.9999999900,-2.1100988830,0.9953816041,1.0409082172,187.50573097,4,0.0053487624000000001
BC,14,125,CARP,99.9999999900,-2.1100988830,0.9953816041,1.0409082172,187.50573097,4,0.0053487624000000001
BC,14,126,FAGU,99.9999999900,-2.1100988830,0.9953816041,1.0409082172,187.50573097,4,0.0053487624000000001
BC,14,127,QUER,99.9999999900,-2.1100988830,0.9953816041,1.0409082172,187.50573097,4,0.0053487624000000001
BC,14,128,ULMU,99.9999999900,-2.1100988830,0.9953816041,1.0409082172,187.50573097,4,0.0053487624000000001
BC,14,129,MORU,99.9999999900,-2.1100988830,0.9953816041,1.0409082172,187.50573097,4,0.0053487624000000001
BC,14,130,LIRI,99.9999999900,-2.1100988830,0.9953816041,1.0409082172,187.50573097,4,0.0053487624000000001
BC,14,131,MAGN,99.9999999900,-2.1100988830,0.9953816041,1.0409082172,187.50573097,4,0.0053487624000000001
BC,14,132,SASS,99.9999999900,-2.1100988830,0.9953816041,1.0409082172,187.50573097,4,0.0053487624000000001
BC,14,133,PLAT,99.9999999900,-2.1100988830,0.9953816041,1.0409082172,187.50573097,4,0.0053487624000000001
BC,14,134,PRUN,99.9999999900,-2.1100988830,0.9953816041,1.0409082172,187.50573097,4,0.0053487624000000001
BC,14,135,GLED,99.9999999900,-2.1100988830,0.9953816041,1.0409082172,187.50573097,4,0.0053487624000000001
BC,14,136,ROBI,99.9999999900,-2.1100988830,0.9953816041,1.0409082172,187.50573097,4,0.0053487624000000001
BC,14,137,TILI,99.9999999900,-2.1100988830,0.9953816041,1.0409082172,187.50573097,4,0.0053487624000000001
BC,14,138,NYSS,99.9999999900,-2.1100988830,0.9953816041,1.0409082172,187.50573097,4,0.0053487624000000001
BC,14,139,CORN,99.9999999900,-2.1100988830,0.9953816041,1.0409082172,187.50573097,4,0.0053487624000000001
BC,14,140,ARBU,99.9999999900,-2.1100988830,0.9953816041,1.0409082172,187.50573097,4,0.0053487624000000001
BC,14,141,FRAX,99.9999999900,-2.1100988830,0.9953816041,1.0409082172,187.50573097,4,0.0053487624000000001
BC,14,142,SALI,99.9999999900,-2.1100988830,0.9953816041,1.0409082172,187.50573097,4,0.0053487624000000001
BC,14,143,GYMN,99.9999999900,-2.1100988830,0.9953816041,1.0409082172,187.50573097,4,0.0053487624000000001
BC,14,144,CELT,99.9999999900,-2.1100988830,0.9953816041,1.0409082172,187.50573097,4,0.0053487624000000001
BC,14,145,AMEL,99.9999999900,-2.1100988830,0.9953816041,1.0409082172,187.50573097,4,0.0053487624000000001
BC,14,146,CORY,99.9999999900,-2.1100988830,0.9953816041,1.0409082172,187.50573097,4,0.0053487624000000001
BC,14,147,CRAT,99.9999999900,-2.1100988830,0.9953816041,1.0409082172,187.50573097,4,0.0053487624000000001
BC,14,148,ILEX,99.9999999900,-2.1100988830,0.9953816041,1.0409082172,187.50573097,4,0.0053487624000000001
BC,14,149,MALU,99.9999999900,-2.1100988830,0.9953816041,1.0409082172,187.50573097,4,0.0053487624000000001
BC,14,150,NEMO,99.9999999900,-2.1100988830,0.9953816041,1.0409082172,187.50573097,4,0.0053487624000000001
BC,14,151,RHUS,99.9999999900,-2.1100988830,0.9953816041,1.0409082172,187.50573097,4,0.0053487624000000001
BC,14,152,SORB,99.9999999900,-2.1100988830,0.9953816041,1.0409082172,187.50573097,4,0.0053487624000000001
BC,14,153,VIBU,99.9999999900,-2.1100988830,0.9953816041,1.0409082172,187.50573097,4,0.0053487624000000001
BC,14,154,CAST,99.9999999900,-2.1100988830,0.9953816041,1.0409082172,187.50573097,4,0.0053487624000000001
BC,14,155,ASIM,99.9999999900,-2.1100988830,0.9953816041,1.0409082172,187.50573097,4,0.0053487624000000001
NB,7,1,PICE,7.3625733526,-1.4964671170,0.9975885150,1.1999295188,315.23335358000003,16,0.012103901
NB,7,2,PINU,0.0000000000,0.0000000000,1.0000000000,1.0000000000,,,
NB,7,3,ABIE,24.7963385790,-1.6146613990,1.0158316218,1.3639982231,1001.1534439,16,0.051943931999999998
NB,7,4,TSUG,0.0000000000,0.0000000000,1.0000000000,1.0000000000,,,
NB,7,6,LARI,0.0000000000,0.0000000000,1.0000000000,1.0000000000,,,
NB,7,7,THUJ,99.9999999900,-2.5775263390,1.0007854987,1.0407621899,250.40558906999999,10,0.012014524400000001
NB,7,8,GENC,7.3625733526,-1.4964671170,0.9975885150,1.1999295188,315.23335358000003,16,0.012103901
NB,7,9,POPU,58.2489427880,-1.6202459400,1.0020627611,1.3234568191,1013.4041582999999,13,0.014998762699999999
NB,7,10,BETU,99.9999999900,-1.5796498850,0.9623357794,1.4081327004,1083.781035,12,0.051464757700000002
NB,7,11,ACER,99.9999999900,-1.8774514840,0.9856111958,1.3151409294,1024.6580917000001,12,0.021359985000000001
NB,7,12,GENH,99.9999999900,-1.8774514840,0.9856111958,1.3151409294,1024.6580917000001,12,0.021359985000000001
NB,7,71,JUNI,99.9999999900,-2.5775263390,1.0007854987,1.0407621899,250.40558906999999,10,0.012014524400000001
NB,7,72,TAXU,99.9999999900,-2.5775263390,1.0007854987,1.0407621899,250.40558906999999,10,0.012014524400000001
NB,7,73,CHAM,99.9999999900,-2.5775263390,1.0007854987,1.0407621899,250.40558906999999,10,0.012014524400000001
NB,7,121,CARY,99.9999999900,-1.8774514840,0.9856111958,1.3151409294,1024.6580917000001,12,0.021359985000000001
NB,7,122,JUGL,99.9999999900,-1.8774514840,0.9856111958,1.3151409294,1024.6580917000001,12,0.021359985000000001
NB,7,123,ALNU,0.0000000000,0.0000000000,1.0000000000,1.0000000000,1024.6580917000001,12,0.021359985000000001
NB,7,124,OSTR,0.0000000000,0.0000000000,1.0000000000,1.0000000000,1024.6580917000001,12,0.021359985000000001
NB,7,125,CARP,0.0000000000,0.0000000000,1.0000000000,1.0000000000,1024.6580917000001,12,0.021359985000000001
NB,7,126,FAGU,99.9999999900,-1.8774514840,0.9856111958,1.3151409294,1024.6580917000001,12,0.021359985000000001
NB,7,127,QUER,0.0000000000,0.0000000000,1.0000000000,1.0000000000,1024.6580917000001,12,0.021359985000000001
NB,7,128,ULMU,99.9999999900,-1.8774514840,0.9856111958,1.3151409294,1024.6580917000001,12,0.021359985000000001
NB,7,129,MORU,99.9999999900,-1.8774514840,0.9856111958,1.3151409294,1024.6580917000001,12,0.021359985000000001
NB,7,130,LIRI,99.9999999900,-1.8774514840,0.9856111958,1.3151409294,1024.6580917000001,12,0.021359985000000001
NB,7,131,MAGN,99.9999999900,-1.8774514840,0.9856111958,1.3151409294,1024.6580917000001,12,0.021359985000000001
NB,7,132,SASS,99.9999999900,-1.8774514840,0.9856111958,1.3151409294,1024.6580917000001,12,0.021359985000000001
NB,7,133,PLAT,99.9999999900,-1.8774514840,0.9856111958,1.3151409294,1024.6580917000001,12,0.021359985000000001
NB,7,134,PRUN,0.0000000000,0.0000000000,1.0000000000,1.0000000000,1024.6580917000001,12,0.021359985000000001
NB,7,135,GLED,99.9999999900,-1.8774514840,0.9856111958,1.3151409294,1024.6580917000001,12,0.021359985000000001
NB,7,136,ROBI,99.9999999900,-1.8774514840,0.9856111958,1.3151409294,1024.6580917000001,12,0.021359985000000001
NB,7,137,TILI,99.9999999900,-1.8774514840,0.9856111958,1.3151409294,1024.6580917000001,12,0.021359985000000001
NB,7,138,NYSS,99.9999999900,-1.8774514840,0.9856111958,1.3151409294,1024.6580917000001,12,0.021359985000000001
NB,7,139,CORN,99.9999999900,-1.8774514840,0.9856111958,1.3151409294,1024.6580917000001,12,0.021359985000000001
NB,7,140,ARBU,99.9999999900,-1.8774514840,0.9856111958,1.3151409294,1024.6580917000001,12,0.021359985000000001
NB,7,141,FRAX,99.9999999900,-1.8774514840,0.9856111958,1.3151409294,1024.6580917000001,12,0.021359985000000001
NB,7,142,SALI,99.9999999900,-1.8774514840,0.9856111958,1.3151409294,1024.6580917000001,12,0.021359985000000001
NB,7,143,GYMN,99.9999999900,-1.8774514840,0.9856111958,1.3151409294,1024.6580917000001,12,0.021359985000000001
NB,7,144,CELT,99.9999999900,-1.8774514840,0.9856111958,1.3151409294,1024.6580917000001,12,0.021359985000000001
NB,7,145,AMEL,99.9999999900,-1.8774514840,0.9856111958,1.3151409294,1024.6580917000001,12,0.021359985000000001
NB,7,146,CORY,99.9999999900,-1.8774514840,0.9856111958,1.3151409294,1024.6580917000001,12,0.021359985000000001
NB,7,147,CRAT,99.9999999900,-1.8774514840,0.9856111958,1.3151409294,1024.6580917000001,12,0.021359985000000001
NB,7,148,ILEX,99.9999999900,-1.8774514840,0.9856111958,1.3151409294,1024.6580917000001,12,0.021359985000000001
NB,7,149,MALU,99.9999999900,-1.8774514840,0.9856111958,1.3151409294,1024.6580917000001,12,0.021359985000000001
NB,7,150,NEMO,99.9999999900,-1.8774514840,0.9856111958,1.3151409294,1024.6580917000001,12,0.021359985000000001
NB,7,151,RHUS,99.9999999900,-1.8774514840,0.9856111958,1.3151409294,1024.6580917000001,12,0.021359985000000001
NB,7,152,SORB,99.9999999900,-1.8774514840,0.9856111958,1.3151409294,1024.6580917000001,12,0.021359985000000001
NB,7,153,VIBU,99.9999999900,-1.8774514840,0.9856111958,1.3151409294,1024.6580917000001,12,0.021359985000000001
NB,7,154,CAST,99.9999999900,-1.8774514840,0.9856111958,1.3151409294,1024.6580917000001,12,0.021359985000000001
NB,7,155,ASIM,99.9999999900,-1.8774514840,0.9856111958,1.3151409294,1024.6580917000001,12,0.021359985000000001
NL,1,1,PICE,0.3496472507,-1.2107020360,0.9993336533,1.0122363182,203.55722976999999,19,0.0008871002
NL,1,3,ABIE,1.6710311015,-1.4411800630,0.9976933094,1.0280824211,246.12664093999999,22,0.0013073017999999999
NL,1,6,LARI,0.0000000000,0.0000000000,1.0000000000,1.0000000000,,,
NL,1,8,GENC,0.3496472507,-1.2107020360,0.9993336533,1.0122363182,203.55722976999999,19,0.0008871002
NL,1,10,BETU,0.2846720558,-0.9753611770,0.9944114931,1.0232536897,57.430569423999998,6,0.0024792606999999999
NL,1,121,CARY,0.2846720558,-0.9753611770,0.9944114931,1.0232536897,57.430569423999998,6,0.0024792606999999999
NL,1,122,JUGL,0.2846720558,-0.9753611770,0.9944114931,1.0232536897,57.430569423999998,6,0.0024792606999999999
NL,1,123,ALNU,0.0000000000,0.0000000000,1.0000000000,1.0000000000,57.430569423999998,6,0.0024792606999999999
NL,1,124,OSTR,0.0000000000,0.0000000000,1.0000000000,1.0000000000,57.430569423999998,6,0.0024792606999999999
NL,1,125,CARP,0.0000000000,0.0000000000,1.0000000000,1.0000000000,57.430569423999998,6,0.0024792606999999999
NL,1,126,FAGU,0.2846720558,-0.9753611770,0.9944114931,1.0232536897,57.430569423999998,6,0.0024792606999999999
NL,1,127,QUER,0.0000000000,0.0000000000,1.0000000000,1.0000000000,57.430569423999998,6,0.0024792606999999999
NL,1,128,ULMU,0.2846720558,-0.9753611770,0.9944114931,1.0232536897,57.430569423999998,6,0.0024792606999999999
NL,1,129,MORU,0.2846720558,-0.9753611770,0.9944114931,1.0232536897,57.430569423999998,6,0.0024792606999999999
NL,1,130,LIRI,0.2846720558,-0.9753611770,0.9944114931,1.0232536897,57.430569423999998,6,0.0024792606999999999
NL,1,131,MAGN,0.2846720558,-0.9753611770,0.9944114931,1.0232536897,57.430569423999998,6,0.0024792606999999999
NL,1,132,SASS,0.2846720558,-0.9753611770,0.9944114931,1.0232536897,57.430569423999998,6,0.0024792606999999999
NL,1,133,PLAT,0.2846720558,-0.9753611770,0.9944114931,1.0232536897,57.430569423999998,6,0.0024792606999999999
NL,1,134,PRUN,0.0000000000,0.0000000000,1.0000000000,1.0000000000,57.430569423999998,6,0.0024792606999999999
NL,1,135,GLED,0.2846720558,-0.9753611770,0.9944114931,1.0232536897,57.430569423999998,6,0.0024792606999999999
NL,1,136,ROBI,0.2846720558,-0.9753611770,0.9944114931,1.0232536897,57.430569423999998,6,0.0024792606999999999
NL,1,137,TILI,0.2846720558,-0.9753611770,0.9944114931,1.0232536897,57.430569423999998,6,0.0024792606999999999
NL,1,138,NYSS,0.2846720558,-0.9753611770,0.9944114931,1.0232536897,57.430569423999998,6,0.0024792606999999999
NL,1,139,CORN,0.2846720558,-0.9753611770,0.9944114931,1.0232536897,57.430569423999998,6,0.0024792606999999999
NL,1,140,ARBU,0.2846720558,-0.9753611770,0.9944114931,1.0232536897,57.430569423999998,6,0.0024792606999999999
NL,1,141,FRAX,0.2846720558,-0.9753611770,0.9944114931,1.0232536897,57.430569423999998,6,0.0024792606999999999
NL,1,142,SALI,0.2846720558,-0.9753611770,0.9944114931,1.0232536897,57.430569423999998,6,0.0024792606999999999
NL,1,143,GYMN,0.2846720558,-0.9753611770,0.9944114931,1.0232536897,57.430569423999998,6,0.0024792606999999999
NL,1,144,CELT,0.2846720558,-0.9753611770,0.9944114931,1.0232536897,57.430569423999998,6,0.0024792606999999999
NL,1,145,AMEL,0.2846720558,-0.9753611770,0.9944114931,1.0232536897,57.430569423999998,6,0.0024792606999999999
NL,1,146,CORY,0.2846720558,-0.9753611770,0.9944114931,1.0232536897,57.430569423999998,6,0.0024792606999999999
NL,1,147,CRAT,0.2846720558,-0.9753611770,0.9944114931,1.0232536897,57.430569423999998,6,0.0024792606999999999
NL,1,148,ILEX,0.2846720558,-0.9753611770,0.9944114931,1.0232536897,57.430569423999998,6,0.0024792606999999999
NL,1,149,MALU,0.2846720558,-0.9753611770,0.9944114931,1.0232536897,57.430569423999998,6,0.0024792606999999999
NL,1,150,NEMO,0.2846720558,-0.9753611770,0.9944114931,1.0232536897,57.430569423999998,6,0.0024792606999999999
NL,1,151,RHUS,0.2846720558,-0.9753611770,0.9944114931,1.0232536897,57.430569423999998,6,0.0024792606999999999
NL,1,152,SORB,0.2846720558,-0.9753611770,0.9944114931,1.0232536897,57.430569423999998,6,0.0024792606999999999
NL,1,153,VIBU,0.2846720558,-0.9753611770,0.9944114931,1.0232536897,57.430569423999998,6,0.0024792606999999999
NL,1,154,CAST,0.2846720558,-0.9753611770,0.9944114931,1.0232536897,57.430569423999998,6,0.0024792606999999999
NL,1,155,ASIM,0.2846720558,-0.9753611770,0.9944114931,1.0232536897,57.430569423999998,6,0.0024792606999999999
NL,5,1,PICE,0.3496472507,-1.2107020360,0.9993336533,1.0122363182,203.55722976999999,19,0.0008871002
NL,5,2,PINU,0.0000000000,0.0000000000,1.0000000000,1.0000000000,,,
NL,5,3,ABIE,1.6710311015,-1.4411800630,0.9976933094,1.0280824211,246.12664093999999,22,0.0013073017999999999
NL,5,6,LARI,0.0000000000,0.0000000000,1.0000000000,1.0000000000,,,
NL,5,8,GENC,0.3496472507,-1.2107020360,0.9993336533,1.0122363182,203.55722976999999,19,0.0008871002
NL,5,9,POPU,0.0000000000,0.0000000000,1.0000000000,1.0000000000,,,
NL,5,10,BETU,0.2846720558,-0.9753611770,0.9944114931,1.0232536897,57.430569423999998,6,0.0024792606999999999
NL,5,11,ACER,0.0000000000,0.0000000000,1.0000000000,1.0000000000,,,
NL,5,12,GENH,0.0000000000,0.0000000000,1.0000000000,1.0000000000,,,
NL,5,121,CARY,0.2846720558,-0.9753611770,0.9944114931,1.0232536897,57.430569423999998,6,0.0024792606999999999
NL,5,122,JUGL,0.2846720558,-0.9753611770,0.9944114931,1.0232536897,57.430569423999998,6,0.0024792606999999999
NL,5,123,ALNU,0.0000000000,0.0000000000,1.0000000000,1.0000000000,57.430569423999998,6,0.0024792606999999999
NL,5,124,OSTR,0.0000000000,0.0000000000,1.0000000000,1.0000000000,57.430569423999998,6,0.0024792606999999999
NL,5,125,CARP,0.0000000000,0.0000000000,1.0000000000,1.0000000000,57.430569423999998,6,0.0024792606999999999
NL,5,126,FAGU,0.2846720558,-0.9753611770,0.9944114931,1.0232536897,57.430569423999998,6,0.0024792606999999999
NL,5,127,QUER,0.0000000000,0.0000000000,1.0000000000,1.0000000000,57.430569423999998,6,0.0024792606999999999
NL,5,128,ULMU,0.2846720558,-0.9753611770,0.9944114931,1.0232536897,57.430569423999998,6,0.0024792606999999999
NL,5,129,MORU,0.2846720558,-0.9753611770,0.9944114931,1.0232536897,57.430569423999998,6,0.0024792606999999999
NL,5,130,LIRI,0.2846720558,-0.9753611770,0.9944114931,1.0232536897,57.430569423999998,6,0.0024792606999999999
NL,5,131,MAGN,0.2846720558,-0.9753611770,0.9944114931,1.0232536897,57.430569423999998,6,0.0024792606999999999
NL,5,132,SASS,0.2846720558,-0.9753611770,0.9944114931,1.0232536897,57.430569423999998,6,0.0024792606999999999
NL,5,133,PLAT,0.2846720558,-0.9753611770,0.9944114931,1.0232536897,57.430569423999998,6,0.0024792606999999999
NL,5,134,PRUN,0.0000000000,0.0000000000,1.0000000000,1.0000000000,57.430569423999998,6,0.0024792606999999999
NL,5,135,GLED,0.2846720558,-0.9753611770,0.9944114931,1.0232536897,57.430569423999998,6,0.0024792606999999999
NL,5,136,ROBI,0.2846720558,-0.9753611770,0.9944114931,1.0232536897,57.430569423999998,6,0.0024792606999999999
NL,5,137,TILI,0.2846720558,-0.9753611770,0.9944114931,1.0232536897,57.430569423999998,6,0.0024792606999999999
NL,5,138,NYSS,0.2846720558,-0.9753611770,0.9944114931,1.0232536897,57.430569423999998,6,0.0024792606999999999
NL,5,139,CORN,0.2846720558,-0.9753611770,0.9944114931,1.0232536897,57.430569423999998,6,0.0024792606999999999
NL,5,140,ARBU,0.2846720558,-0.9753611770,0.9944114931,1.0232536897,57.430569423999998,6,0.0024792606999999999
NL,5,141,FRAX,0.2846720558,-0.9753611770,0.9944114931,1.0232536897,57.430569423999998,6,0.0024792606999999999
NL,5,142,SALI,0.2846720558,-0.9753611770,0.9944114931,1.0232536897,57.430569423999998,6,0.0024792606999999999
NL,5,143,GYMN,0.2846720558,-0.9753611770,0.9944114931,1.0232536897,57.430569423999998,6,0.0024792606999999999
NL,5,144,CELT,0.2846720558,-0.9753611770,0.9944114931,1.0232536897,57.430569423999998,6,0.0024792606999999999
NL,5,145,AMEL,0.2846720558,-0.9753611770,0.9944114931,1.0232536897,57.430569423999998,6,0.0024792606999999999
NL,5,146,CORY,0.2846720558,-0.9753611770,0.9944114931,1.0232536897,57.430569423999998,6,0.0024792606999999999
NL,5,147,CRAT,0.2846720558,-0.9753611770,0.9944114931,1.0232536897,57.430569423999998,6,0.0024792606999999999
NL,5,148,ILEX,0.2846720558,-0.9753611770,0.9944114931,1.0232536897,57.430569423999998,6,0.0024792606999999999
NL,5,149,MALU,0.2846720558,-0.9753611770,0.9944114931,1.0232536897,57.430569423999998,6,0.0024792606999999999
NL,5,150,NEMO,0.2846720558,-0.9753611770,0.9944114931,1.0232536897,57.430569423999998,6,0.0024792606999999999
NL,5,151,RHUS,0.2846720558,-0.9753611770,0.9944114931,1.0232536897,57.430569423999998,6,0.0024792606999999999
NL,5,152,SORB,0.2846720558,-0.9753611770,0.9944114931,1.0232536897,57.430569423999998,6,0.0024792606999999999
NL,5,153,VIBU,0.2846720558,-0.9753611770,0.9944114931,1.0232536897,57.430569423999998,6,0.0024792606999999999
NL,5,154,CAST,0.2846720558,-0.9753611770,0.9944114931,1.0232536897,57.430569423999998,6,0.0024792606999999999
NL,5,155,ASIM,0.2846720558,-0.9753611770,0.9944114931,1.0232536897,57.430569423999998,6,0.0024792606999999999
NL,6,1,PICE,0.3496472507,-1.2107020360,0.9993336533,1.0122363182,203.55722976999999,19,0.0008871002
NL,6,2,PINU,0.0000000000,0.0000000000,1.0000000000,1.0000000000,,,
NL,6,3,ABIE,1.6710311015,-1.4411800630,0.9976933094,1.0280824211,246.12664093999999,22,0.0013073017999999999
NL,6,6,LARI,0.0000000000,0.0000000000,1.0000000000,1.0000000000,,,
NL,6,8,GENC,0.3496472507,-1.2107020360,0.9993336533,1.0122363182,203.55722976999999,19,0.0008871002
NL,6,9,POPU,0.0000000000,0.0000000000,1.0000000000,1.0000000000,,,
NL,6,10,BETU,0.2846720558,-0.9753611770,0.9944114931,1.0232536897,57.430569423999998,6,0.0024792606999999999
NL,6,11,ACER,0.0000000000,0.0000000000,1.0000000000,1.0000000000,,,
NL,6,12,GENH,0.0000000000,0.0000000000,1.0000000000,1.0000000000,,,
NL,6,121,CARY,0.2846720558,-0.9753611770,0.9944114931,1.0232536897,57.430569423999998,6,0.0024792606999999999
NL,6,122,JUGL,0.2846720558,-0.9753611770,0.9944114931,1.0232536897,57.430569423999998,6,0.0024792606999999999
NL,6,123,ALNU,0.0000000000,0.0000000000,1.0000000000,1.0000000000,57.430569423999998,6,0.0024792606999999999
NL,6,124,OSTR,0.0000000000,0.0000000000,1.0000000000,1.0000000000,57.430569423999998,6,0.0024792606999999999
NL,6,125,CARP,0.0000000000,0.0000000000,1.0000000000,1.0000000000,57.430569423999998,6,0.0024792606999999999
NL,6,126,FAGU,0.2846720558,-0.9753611770,0.9944114931,1.0232536897,57.430569423999998,6,0.0024792606999999999
NL,6,127,QUER,0.0000000000,0.0000000000,1.0000000000,1.0000000000,57.430569423999998,6,0.0024792606999999999
NL,6,128,ULMU,0.2846720558,-0.9753611770,0.9944114931,1.0232536897,57.430569423999998,6,0.0024792606999999999
NL,6,129,MORU,0.2846720558,-0.9753611770,0.9944114931,1.0232536897,57.430569423999998,6,0.0024792606999999999
NL,6,130,LIRI,0.2846720558,-0.9753611770,0.9944114931,1.0232536897,57.430569423999998,6,0.0024792606999999999
NL,6,131,MAGN,0.2846720558,-0.9753611770,0.9944114931,1.0232536897,57.430569423999998,6,0.0024792606999999999
NL,6,132,SASS,0.2846720558,-0.9753611770,0.9944114931,1.0232536897,57.430569423999998,6,0.0024792606999999999
NL,6,133,PLAT,0.2846720558,-0.9753611770,0.9944114931,1.0232536897,57.430569423999998,6,0.0024792606999999999
NL,6,134,PRUN,0.0000000000,0.0000000000,1.0000000000,1.0000000000,57.430569423999998,6,0.0024792606999999999
NL,6,135,GLED,0.2846720558,-0.9753611770,0.9944114931,1.0232536897,57.430569423999998,6,0.0024792606999999999
NL,6,136,ROBI,0.2846720558,-0.9753611770,0.9944114931,1.0232536897,57.430569423999998,6,0.0024792606999999999
NL,6,137,TILI,0.2846720558,-0.9753611770,0.9944114931,1.0232536897,57.430569423999998,6,0.0024792606999999999
NL,6,138,NYSS,0.2846720558,-0.9753611770,0.9944114931,1.0232536897,57.430569423999998,6,0.0024792606999999999
NL,6,139,CORN,0.2846720558,-0.9753611770,0.9944114931,1.0232536897,57.430569423999998,6,0.0024792606999999999
NL,6,140,ARBU,0.2846720558,-0.9753611770,0.9944114931,1.0232536897,57.430569423999998,6,0.0024792606999999999
NL,6,141,FRAX,0.2846720558,-0.9753611770,0.9944114931,1.0232536897,57.430569423999998,6,0.0024792606999999999
NL,6,142,SALI,0.2846720558,-0.9753611770,0.9944114931,1.0232536897,57.430569423999998,6,0.0024792606999999999
NL,6,143,GYMN,0.2846720558,-0.9753611770,0.9944114931,1.0232536897,57.430569423999998,6,0.0024792606999999999
NL,6,144,CELT,0.2846720558,-0.9753611770,0.9944114931,1.0232536897,57.430569423999998,6,0.0024792606999999999
NL,6,145,AMEL,0.2846720558,-0.9753611770,0.9944114931,1.0232536897,57.430569423999998,6,0.0024792606999999999
NL,6,146,CORY,0.2846720558,-0.9753611770,0.9944114931,1.0232536897,57.430569423999998,6,0.0024792606999999999
NL,6,147,CRAT,0.2846720558,-0.9753611770,0.9944114931,1.0232536897,57.430569423999998,6,0.0024792606999999999
NL,6,148,ILEX,0.2846720558,-0.9753611770,0.9944114931,1.0232536897,57.430569423999998,6,0.0024792606999999999
NL,6,149,MALU,0.2846720558,-0.9753611770,0.9944114931,1.0232536897,57.430569423999998,6,0.0024792606999999999
NL,6,150,NEMO,0.2846720558,-0.9753611770,0.9944114931,1.0232536897,57.430569423999998,6,0.0024792606999999999
NL,6,151,RHUS,0.2846720558,-0.9753611770,0.9944114931,1.0232536897,57.430569423999998,6,0.0024792606999999999
NL,6,152,SORB,0.2846720558,-0.9753611770,0.9944114931,1.0232536897,57.430569423999998,6,0.0024792606999999999
NL,6,153,VIBU,0.2846720558,-0.9753611770,0.9944114931,1.0232536897,57.430569423999998,6,0.0024792606999999999
NL,6,154,CAST,0.2846720558,-0.9753611770,0.9944114931,1.0232536897,57.430569423999998,6,0.0024792606999999999
NL,6,155,ASIM,0.2846720558,-0.9753611770,0.9944114931,1.0232536897,57.430569423999998,6,0.0024792606999999999
NT,3,1,PICE,99.9999999900,-2.1793097690,0.9991010887,4.0992504800,467.95812307,19,0.029353194900000001
NT,3,2,PINU,99.9999999900,-1.6192691950,0.9710158687,1.5179203184,627.71148980999999,32,0.027183894900000002
NT,3,3,ABIE,26.2198806160,-1.7864592770,0.9987017015,1.1186997115,329.09802062,12,0.023461838700000001
NT,3,5,PSEU,99.9999999900,-1.6806799550,0.9834949561,1.0669729910,410.79147707999999,11,0.0138093964
NT,3,6,LARI,2.7877844027,-2.1088978330,1.1079402819,1.2055191841,199.53544905999999,21,0.1196904464
NT,3,9,POPU,99.9999999900,-1.4157230090,0.8733768514,1.5655812010,451.73612403999999,14,0.060245468400000002
NT,3,10,BETU,99.9999999900,-1.0158920520,0.0672921578,1.9030107349,206.73694644,4,0.099556829200000002
NT,3,12,GENH,99.9999999900,-1.0158920520,0.0672921578,1.9030107349,206.73694644,4,0.099556829200000002
NT,4,1,PICE,99.9999999900,-2.1793097690,0.9991010887,4.0992504800,467.95812307,19,0.029353194900000001
NT,4,2,PINU,99.9999999900,-1.6192691950,0.9710158687,1.5179203184,627.71148980999999,32,0.027183894900000002
NT,4,3,ABIE,26.2198806160,-1.7864592770,0.9987017015,1.1186997115,329.09802062,12,0.023461838700000001
NT,4,5,PSEU,99.9999999900,-1.6806799550,0.9834949561,1.0669729910,410.79147707999999,11,0.0138093964
NT,4,6,LARI,2.7877844027,-2.1088978330,1.1079402819,1.2055191841,199.53544905999999,21,0.1196904464
NT,4,9,POPU,99.9999999900,-1.4157230090,0.8733768514,1.5655812010,451.73612403999999,14,0.060245468400000002
NT,4,10,BETU,99.9999999900,-1.0158920520,0.0672921578,1.9030107349,206.73694644,4,0.099556829200000002
NT,4,12,GENH,99.9999999900,-1.0158920520,0.0672921578,1.9030107349,206.73694644,4,0.099556829200000002
NT,5,1,PICE,99.9999999900,-2.1793097690,0.9991010887,4.0992504800,467.95812307,19,0.029353194900000001
NT,5,2,PINU,99.9999999900,-1.6192691950,0.9710158687,1.5179203184,627.71148980999999,32,0.027183894900000002
NT,5,3,ABIE,26.2198806160,-1.7864592770,0.9987017015,1.1186997115,329.09802062,12,0.023461838700000001
NT,5,5,PSEU,99.9999999900,-1.6806799550,0.9834949561,1.0669729910,410.79147707999999,11,0.0138093964
NT,5,6,LARI,2.7877844027,-2.1088978330,1.1079402819,1.2055191841,199.53544905999999,21,0.1196904464
NT,5,9,POPU,99.9999999900,-1.4157230090,0.8733768514,1.5655812010,451.73612403999999,14,0.060245468400000002
NT,5,10,BETU,99.9999999900,-1.0158920520,0.0672921578,1.9030107349,206.73694644,4,0.099556829200000002
NT,5,12,GENH,99.9999999900,-1.0158920520,0.0672921578,1.9030107349,206.73694644,4,0.099556829200000002
NT,9,1,PICE,7.9906519739,-0.9351961920,0.9403522452,1.3740727732,658.35024884999996,33,0.0562859754
NT,9,2,PINU,99.9999999900,-1.6192691950,0.9710158687,1.5179203184,627.71148980999999,32,0.027183894900000002
NT,9,3,ABIE,26.2198806160,-1.7864592770,0.9987017015,1.1186997115,329.09802062,12,0.023461838700000001
NT,9,5,PSEU,99.9999999900,-1.6806799550,0.9834949561,1.0669729910,410.79147707999999,11,0.0138093964
NT,9,6,LARI,2.7877844027,-2.1088978330,1.1079402819,1.2055191841,199.53544905999999,21,0.1196904464
NT,9,8,GENC,225.2787117200,-1.9178354860,0.9910698494,1.5293538180,658.35024884999996,33,0.015078107300000001
NT,9,9,POPU,26.6229836970,-1.2397995530,0.9559376414,1.7688225269,636.05529768999997,29,0.026182720699999999
NT,9,10,BETU,99.9999999900,-1.0158920520,0.0672921578,1.9030107349,206.73694644,4,0.099556829200000002
NT,9,11,ACER,99.9999999900,-1.0158920520,0.0672921578,1.9030107349,206.73694644,4,0.099556829200000002
NT,9,12,GENH,99.9999999900,-1.0158920520,0.0672921578,1.9030107349,206.73694644,4,0.099556829200000002
NT,11,1,PICE,99.9999999900,-2.1793097690,0.9991010887,4.0992504800,467.95812307,19,0.029353194900000001
NT,11,2,PINU,99.9999999900,-1.6192691950,0.9710158687,1.5179203184,627.71148980999999,32,0.027183894900000002
NT,11,3,ABIE,26.2198806160,-1.7864592770,0.9987017015,1.1186997115,329.09802062,12,0.023461838700000001
NT,11,5,PSEU,99.9999999900,-1.6806799550,0.9834949561,1.0669729910,410.79147707999999,11,0.0138093964
NT,11,6,LARI,2.7877844027,-2.1088978330,1.1079402819,1.2055191841,199.53544905999999,21,0.1196904464
NT,11,9,POPU,99.9999999900,-1.4157230090,0.8733768514,1.5655812010,451.73612403999999,14,0.060245468400000002
NT,11,10,BETU,99.9999999900,-1.0158920520,0.0672921578,1.9030107349,206.73694644,4,0.099556829200000002
NT,11,12,GENH,99.9999999900,-1.0158920520,0.0672921578,1.9030107349,206.73694644,4,0.099556829200000002
NT,12,1,PICE,99.9999999900,-2.1793097690,0.9991010887,4.0992504800,467.95812307,19,0.029353194900000001
NT,12,2,PINU,99.9999999900,-1.6192691950,0.9710158687,1.5179203184,627.71148980999999,32,0.027183894900000002
NT,12,3,ABIE,26.2198806160,-1.7864592770,0.9987017015,1.1186997115,329.09802062,12,0.023461838700000001
NT,12,5,PSEU,99.9999999900,-1.6806799550,0.9834949561,1.0669729910,410.79147707999999,11,0.0138093964
NT,12,6,LARI,2.7877844027,-2.1088978330,1.1079402819,1.2055191841,199.53544905999999,21,0.1196904464
NT,12,9,POPU,99.9999999900,-1.4157230090,0.8733768514,1.5655812010,451.73612403999999,14,0.060245468400000002
NT,12,10,BETU,99.9999999900,-1.0158920520,0.0672921578,1.9030107349,206.73694644,4,0.099556829200000002
NT,12,12,GENH,99.9999999900,-1.0158920520,0.0672921578,1.9030107349,206.73694644,4,0.099556829200000002
